NOC,Options,Occ Interest
#0011,Primary,Enterprising
#0011,Secondary,
#0011,Tertiary,
#0012,Primary,Enterprising
#0012,Secondary,
#0012,Tertiary,
#0013,Primary,Enterprising
#0013,Secondary,
#0013,Tertiary,
#0014,Primary,Enterprising
#0014,Secondary,
#0014,Tertiary,
#0015,Primary,Enterprising
#0015,Secondary,
#0015,Tertiary,
#0016,Primary,Enterprising
#0016,Secondary,
#0016,Tertiary,
#0111,Primary,Enterprising
#0111,Secondary,Conventional
#0111,Tertiary,
#0112,Primary,Enterprising
#0112,Secondary,
#0112,Tertiary,
#0113,Primary,Enterprising
#0113,Secondary,
#0113,Tertiary,
#0114,Primary,Enterprising
#0114,Secondary,
#0114,Tertiary,
#0121,Primary,Enterprising
#0121,Secondary,
#0121,Tertiary,
#0122,Primary,Enterprising
#0122,Secondary,
#0122,Tertiary,
#0124,Primary,Enterprising
#0124,Secondary,
#0124,Tertiary,
#0125,Primary,Enterprising
#0125,Secondary,
#0125,Tertiary,
#0131,Primary,Enterprising
#0131,Secondary,
#0131,Tertiary,
#0132,Primary,Enterprising
#0132,Secondary,
#0132,Tertiary,
#0211,Primary,Enterprising
#0211,Secondary,
#0211,Tertiary,
#0212,Primary,Enterprising
#0212,Secondary,
#0212,Tertiary,
#0213,Primary,Enterprising
#0213,Secondary,
#0213,Tertiary,
#0311,Primary,Enterprising
#0311,Secondary,
#0311,Tertiary,
#0411,Primary,Enterprising
#0411,Secondary,
#0411,Tertiary,
#0412,Primary,Enterprising
#0412,Secondary,
#0412,Tertiary,
#0413,Primary,Enterprising
#0413,Secondary,
#0413,Tertiary,
#0414,Primary,Enterprising
#0414,Secondary,
#0414,Tertiary,
#0421,Primary,Enterprising
#0421,Secondary,
#0421,Tertiary,
#0422,Primary,Enterprising
#0422,Secondary,
#0422,Tertiary,
#0423,Primary,Enterprising
#0423,Secondary,
#0423,Tertiary,
#0431,Primary,Enterprising
#0431,Secondary,
#0431,Tertiary,
#0432,Primary,Enterprising
#0432,Secondary,
#0432,Tertiary,
#0433,Primary,Conventional
#0433,Secondary,Realistic
#0434,Tertiary,
#0511,Primary,Enterprising
#0511,Secondary,
#0511,Tertiary,
#0512,Primary,Enterprising
#0512,Secondary,
#0512,Tertiary,
#0513,Primary,Enterprising
#0513,Secondary,
#0513,Tertiary,
#0601,Primary,Enterprising
#0601,Secondary,
#0601,Tertiary,
#0621,Primary,Enterprising
#0621,Secondary,
#0621,Tertiary,
#0631,Primary,Enterprising
#0631,Secondary,
#0631,Tertiary,
#0632,Primary,Enterprising
#0632,Secondary,
#0632,Tertiary,
#0651,Primary,Enterprising
#0651,Secondary,
#0651,Tertiary,
#0711,Primary,Enterprising
#0711,Secondary,
#0711,Tertiary,
#0712,Primary,Enterprising
#0712,Secondary,
#0712,Tertiary,
#0714,Primary,Enterprising
#0714,Secondary,
#0714,Tertiary,
#0731,Primary,Enterprising
#0731,Secondary,
#0731,Tertiary,
#0811,Primary,Enterprising
#0811,Secondary,
#0811,Tertiary,
#0821,Primary,Realistic
#0821,Secondary,
#0821,Tertiary,
#0822,Primary,Realistic
#0822,Secondary,
#0822,Tertiary,
#0823,Primary,Realistic
#0823,Secondary,Enterprising
#0823,Tertiary,
#0911,Primary,Enterprising
#0911,Secondary,Conventional
#0911,Tertiary,
#0912,Primary,Enterprising
#0912,Secondary,
#0912,Tertiary,
#1111,Primary,Conventional
#1111,Secondary,
#1111,Tertiary,
#1112,Primary,Conventional
#1112,Secondary,Enterprising
#1112,Tertiary,
#1113,Primary,Enterprising
#1113,Secondary,
#1113,Tertiary,
#1114,Primary,Enterprising
#1114,Secondary,Conventional
#1114,Tertiary,
#1121,Primary,Social
#1121,Secondary,Enterprising
#1121,Tertiary,Conventional
#1122,Primary,Conventional
#1122,Secondary,Investigative
#1122,Tertiary,Enterprising
#1123,Primary,Enterprising
#1123,Secondary,
#1123,Tertiary,
#1211,Primary,Conventional
#1211,Secondary,Enterprising
#1211,Tertiary,
#1212,Primary,Enterprising
#1212,Secondary,Conventional
#1212,Tertiary,
#1213,Primary,Conventional
#1213,Secondary,
#1213,Tertiary,
#1214,Primary,Enterprising
#1214,Secondary,Conventional
#1214,Tertiary,
#1215,Primary,Conventional
#1215,Secondary,Enterprising
#1215,Tertiary,
#1221,Primary,Conventional
#1221,Secondary,
#1221,Tertiary,
#1222,Primary,Conventional
#1222,Secondary,
#1222,Tertiary,
#1223,Primary,Enterprising
#1223,Secondary,
#1223,Tertiary,
#1224,Primary,Enterprising
#1224,Secondary,
#1224,Tertiary,
#1225,Primary,Enterprising
#1225,Secondary,Conventional
#1225,Tertiary,
#1226,Primary,Enterprising
#1226,Secondary,
#1226,Tertiary,
#1227,Primary,Conventional
#1227,Secondary,Enterprising
#1227,Tertiary,
#1228,Primary,Conventional
#1228,Secondary,Enterprising
#1228,Tertiary,
#1241,Primary,Conventional
#1241,Secondary,
#1241,Tertiary,
#1242,Primary,Conventional
#1242,Secondary,
#1242,Tertiary,
#1243,Primary,Conventional
#1243,Secondary,
#1243,Tertiary,
#1251,Primary,Conventional
#1251,Secondary,
#1251,Tertiary,
#1252,Primary,Conventional
#1252,Secondary,
#1252,Tertiary,
#1253,Primary,Conventional
#1253,Secondary,Realistic
#1253,Tertiary,
#1254,Primary,Conventional
#1254,Secondary,Investigative
#1254,Tertiary,
#1311,Primary,Conventional
#1311,Secondary,
#1311,Tertiary,
#1312,Primary,Conventional
#1312,Secondary,
#1312,Tertiary,
#1313,Primary,Enterprising
#1313,Secondary,Conventional
#1313,Tertiary,
#1314,Primary,Conventional
#1314,Secondary,
#1314,Tertiary,
#1315,Primary,Conventional
#1315,Secondary,Enterprising
#1315,Tertiary,
#1411,Primary,Conventional
#1411,Secondary,
#1411,Tertiary,
#1414,Primary,Conventional
#1414,Secondary,
#1414,Tertiary,
#1415,Primary,Conventional
#1415,Secondary,
#1415,Tertiary,
#1416,Primary,Conventional
#1416,Secondary,Enterprising
#1416,Tertiary,
#1422,Primary,Conventional
#1422,Secondary,
#1422,Tertiary,
#1423,Primary,Realistic
#1423,Secondary,Conventional
#1423,Tertiary,Artistic
#1431,Primary,Conventional
#1431,Secondary,
#1431,Tertiary,
#1432,Primary,Conventional
#1432,Secondary,
#1432,Tertiary,
#1434,Primary,Conventional
#1434,Secondary,
#1434,Tertiary,
#1435,Primary,Enterprising
#1435,Secondary,Conventional
#1435,Tertiary,
#1451,Primary,Conventional
#1451,Secondary,
#1451,Tertiary,
#1452,Primary,Conventional
#1452,Secondary,
#1452,Tertiary,
#1454,Primary,Conventional
#1454,Secondary,
#1454,Tertiary,
#1511,Primary,Conventional
#1511,Secondary,
#1511,Tertiary,
#1512,Primary,Conventional
#1512,Secondary,Realistic
#1512,Tertiary,
#1513,Primary,Realistic
#1513,Secondary,
#1513,Tertiary,
#1521,Primary,Conventional
#1521,Secondary,
#1521,Tertiary,
#1522,Primary,Conventional
#1522,Secondary,
#1522,Tertiary,
#1523,Primary,Conventional
#1523,Secondary,
#1523,Tertiary,
#1524,Primary,Conventional
#1524,Secondary,
#1524,Tertiary,
#1525,Primary,Conventional
#1525,Secondary,
#1525,Tertiary,
#1526,Primary,Conventional
#1526,Secondary,
#1526,Tertiary,
#2111,Primary,Investigative
#2111,Secondary,
#2111,Tertiary,
#2112,Primary,Investigative
#2112,Secondary,
#2112,Tertiary,
#2113,Primary,Investigative
#2113,Secondary,
#2113,Tertiary,
#2114,Primary,Investigative
#2114,Secondary,
#2114,Tertiary,
#2115,Primary,Investigative
#2115,Secondary,Realistic
#2115,Tertiary,
#2121,Primary,Investigative
#2121,Secondary,
#2121,Tertiary,
#2122,Primary,Realistic
#2122,Secondary,Investigative
#2122,Tertiary,
#2123,Primary,Realistic
#2123,Secondary,Investigative
#2123,Tertiary,
#2131,Primary,Investigative
#2131,Secondary,Realistic
#2131,Tertiary,
#2132,Primary,Investigative
#2132,Secondary,Realistic
#2132,Tertiary,
#2133,Primary,Investigative
#2133,Secondary,Realistic
#2133,Tertiary,
#2134,Primary,Investigative
#2134,Secondary,Realistic
#2134,Tertiary,
#2141,Primary,Investigative
#2141,Secondary,
#2141,Tertiary,
#2142,Primary,Investigative
#2142,Secondary,
#2142,Tertiary,
#2143,Primary,Investigative
#2143,Secondary,
#2143,Tertiary,
#2144,Primary,Realistic
#2144,Secondary,Investigative
#2144,Tertiary,
#2145,Primary,Investigative
#2145,Secondary,
#2145,Tertiary,
#2146,Primary,Investigative
#2146,Secondary,Realistic
#2146,Tertiary,
#2147,Primary,Realistic
#2147,Secondary,Investigative
#2147,Tertiary,
#2148,Primary,Investigative
#2148,Secondary,Realistic
#2148,Tertiary,
#2151,Primary,Artistic
#2151,Secondary,
#2151,Tertiary,
#2152,Primary,Artistic
#2152,Secondary,Investigative
#2152,Tertiary,
#2153,Primary,Investigative
#2153,Secondary,
#2153,Tertiary,
#2154,Primary,Realistic
#2154,Secondary,Conventional
#2154,Tertiary,Conventional
#2161,Primary,Investigative
#2161,Secondary,Conventional
#2161,Tertiary,
#2171,Primary,Investigative
#2171,Secondary,Conventional
#2171,Tertiary,
#2172,Primary,Conventional
#2172,Secondary,
#2172,Tertiary,
#2173,Primary,Investigative
#2173,Secondary,
#2173,Tertiary,
#2174,Primary,Investigative
#2174,Secondary,Conventional
#2174,Tertiary,
#2175,Primary,Artistic
#2175,Secondary,Investigative
#2175,Tertiary,Conventional
#2211,Primary,Realistic
#2211,Secondary,Investigative
#2211,Tertiary,
#2212,Primary,Realistic
#2212,Secondary,Investigative
#2212,Tertiary,
#2221,Primary,Realistic
#2221,Secondary,
#2221,Tertiary,
#2222,Primary,Realistic
#2222,Secondary,
#2222,Tertiary,
#2223,Primary,Realistic
#2223,Secondary,
#2223,Tertiary,
#2224,Primary,Realistic
#2224,Secondary,Investigative
#2224,Tertiary,
#2225,Primary,Realistic
#2225,Secondary,
#2225,Tertiary,
#2231,Primary,Realistic
#2231,Secondary,Conventional
#2231,Tertiary,
#2232,Primary,Realistic
#2232,Secondary,
#2232,Tertiary,
#2233,Primary,Realistic
#2233,Secondary,
#2233,Tertiary,
#2234,Primary,Realistic
#2234,Secondary,Conventional
#2234,Tertiary,
#2241,Primary,Realistic
#2241,Secondary,
#2241,Tertiary,
#2242,Primary,Realistic
#2242,Secondary,
#2242,Tertiary,
#2243,Primary,Realistic
#2243,Secondary,
#2243,Tertiary,
#2244,Primary,Realistic
#2244,Secondary,
#2244,Tertiary,
#2251,Primary,Realistic
#2251,Secondary,
#2251,Tertiary,
#2252,Primary,Artistic
#2252,Secondary,
#2252,Tertiary,
#2253,Primary,Realistic
#2253,Secondary,
#2253,Tertiary,
#2254,Primary,Realistic
#2254,Secondary,
#2254,Tertiary,
#2255,Primary,Realistic
#2255,Secondary,Investigative
#2255,Tertiary,Conventional
#2261,Primary,Realistic
#2261,Secondary,
#2261,Tertiary,
#2262,Primary,Realistic
#2262,Secondary,
#2262,Tertiary,
#2263,Primary,Realistic
#2263,Secondary,Conventional
#2263,Tertiary,
#2264,Primary,Realistic
#2264,Secondary,Conventional
#2264,Tertiary,
#2271,Primary,Realistic
#2271,Secondary,
#2271,Tertiary,
#2272,Primary,Enterprising
#2272,Secondary,Conventional
#2272,Tertiary,
#2273,Primary,Enterprising
#2273,Secondary,Realistic
#2273,Tertiary,
#2274,Primary,Enterprising
#2274,Secondary,Realistic
#2274,Tertiary,Conventional
#2275,Primary,Conventional
#2275,Secondary,
#2275,Tertiary,
#2281,Primary,Realistic
#2281,Secondary,Conventional
#2281,Tertiary,
#2282,Primary,Realistic
#2282,Secondary,Conventional
#2282,Tertiary,Conventional
#2283,Primary,Investigative
#2283,Secondary,Conventional
#2283,Tertiary,
#3011,Primary,Investigative
#3011,Secondary,Social
#3011,Tertiary,
#3012,Primary,Investigative
#3012,Secondary,Social
#3012,Tertiary,
#3111,Primary,Investigative
#3111,Secondary,
#3111,Tertiary,
#3112,Primary,Investigative
#3112,Secondary,
#3112,Tertiary,
#3113,Primary,Investigative
#3113,Secondary,Realistic
#3113,Tertiary,
#3114,Primary,Investigative
#3114,Secondary,
#3114,Tertiary,
#3121,Primary,Investigative
#3121,Secondary,Social
#3121,Tertiary,Realistic
#3122,Primary,Social
#3122,Secondary,
#3122,Tertiary,
#3124,Primary,Social
#3124,Secondary,
#3124,Tertiary,
#3125,Primary,Social
#3125,Secondary,Investigative
#3125,Tertiary,
#3131,Primary,Investigative
#3131,Secondary,
#3131,Tertiary,
#3132,Primary,Investigative
#3132,Secondary,Social
#3132,Tertiary,
#3141,Primary,Social
#3141,Secondary,Investigative
#3141,Tertiary,
#3142,Primary,Social
#3142,Secondary,
#3142,Tertiary,
#3143,Primary,Social
#3143,Secondary,Investigative
#3143,Tertiary,
#3144,Primary,Social
#3144,Secondary,Investigative
#3144,Tertiary,
#3211,Primary,Investigative
#3211,Secondary,Realistic
#3211,Tertiary,
#3212,Primary,Realistic
#3212,Secondary,Conventional
#3212,Tertiary,
#3213,Primary,Realistic
#3213,Secondary,
#3213,Tertiary,
#3214,Primary,Social
#3214,Secondary,
#3214,Tertiary,
#3215,Primary,Realistic
#3215,Secondary,Social
#3215,Tertiary,
#3216,Primary,Realistic
#3216,Secondary,Social
#3216,Tertiary,
#3217,Primary,Realistic
#3217,Secondary,Social
#3217,Tertiary,
#3219,Primary,Realistic
#3219,Secondary,Conventional
#3219,Tertiary,
#3221,Primary,Realistic
#3221,Secondary,Investigative
#3221,Tertiary,Social
#3222,Primary,Realistic
#3222,Secondary,Social
#3222,Tertiary,Conventional
#3223,Primary,Realistic
#3223,Secondary,Investigative
#3223,Tertiary,Social
#3231,Primary,Enterprising
#3231,Secondary,Conventional
#3231,Tertiary,
#3232,Primary,Social
#3232,Secondary,
#3232,Tertiary,
#3233,Primary,Social
#3233,Secondary,
#3233,Tertiary,
#3234,Primary,Social
#3234,Secondary,
#3234,Tertiary,
#3236,Primary,Social
#3236,Secondary,
#3236,Tertiary,
#3237,Primary,Social
#3237,Secondary,Realistic
#3237,Tertiary,
#3411,Primary,Realistic
#3411,Secondary,Conventional
#3411,Tertiary,Social
#3413,Primary,Social
#3413,Secondary,
#3413,Tertiary,
#3414,Primary,Realistic
#3414,Secondary,Conventional
#3414,Tertiary,
#4011,Primary,Social
#4011,Secondary,
#4011,Tertiary,
#4012,Primary,Social
#4012,Secondary,
#4012,Tertiary,
#4021,Primary,Social
#4021,Secondary,
#4021,Tertiary,
#4031,Primary,Social
#4031,Secondary,
#4031,Tertiary,
#4032,Primary,Social
#4032,Secondary,
#4032,Tertiary,
#4033,Primary,Social
#4033,Secondary,
#4033,Tertiary,
#4111,Primary,Enterprising
#4111,Secondary,
#4111,Tertiary,
#4112,Primary,Enterprising
#4112,Secondary,
#4112,Tertiary,
#4151,Primary,Investigative
#4151,Secondary,
#4151,Tertiary,
#4152,Primary,Social
#4152,Secondary,
#4152,Tertiary,
#4153,Primary,Social
#4153,Secondary,
#4153,Tertiary,
#4154,Primary,Social
#4154,Secondary,Enterprising
#4154,Tertiary,
#4155,Primary,Social
#4155,Secondary,
#4155,Tertiary,
#4156,Primary,Enterprising
#4156,Secondary,Conventional
#4156,Tertiary,
#4161,Primary,Investigative
#4161,Secondary,Enterprising
#4161,Tertiary,Realistic
#4162,Primary,Investigative
#4162,Secondary,Enterprising
#4162,Tertiary,Conventional
#4163,Primary,Enterprising
#4163,Secondary,
#4163,Tertiary,
#4164,Primary,Enterprising
#4164,Secondary,Conventional
#4164,Tertiary,
#4165,Primary,Enterprising
#4165,Secondary,
#4165,Tertiary,
#4166,Primary,Enterprising
#4166,Secondary,
#4166,Tertiary,
#4167,Primary,Enterprising
#4167,Secondary,Conventional
#4167,Tertiary,
#4168,Primary,Enterprising
#4168,Secondary,Conventional
#4168,Tertiary,
#4169,Primary,Investigative
#4169,Secondary,
#4169,Tertiary,
#4211,Primary,Conventional
#4211,Secondary,Enterprising
#4211,Tertiary,
#4212,Primary,Social
#4212,Secondary,Conventional
#4212,Tertiary,
#4214,Primary,Social
#4214,Secondary,
#4214,Tertiary,
#4215,Primary,Social
#4215,Secondary,
#4215,Tertiary,
#4216,Primary,Social
#4216,Secondary,
#4216,Tertiary,
#4217,Primary,Conventional
#4217,Secondary,Realistic
#4218,Tertiary,
#4311,Primary,Enterprising
#4311,Secondary,
#4311,Tertiary,
#4312,Primary,Realistic
#4312,Secondary,
#4312,Tertiary,
#4313,Primary,Conventional
#4313,Secondary,Realistic
#4314,Tertiary,
#4411,Primary,Social
#4411,Secondary,Enterprising
#4411,Tertiary,
#4412,Primary,Enterprising
#4412,Secondary,Realistic
#4412,Tertiary,Conventional
#4413,Primary,Social
#4413,Secondary,
#4413,Tertiary,
#4421,Primary,Conventional
#4421,Secondary,Enterprising
#4421,Tertiary,
#4422,Primary,Enterprising
#4422,Secondary,Realistic
#4422,Tertiary,
#4423,Primary,Realistic
#4423,Secondary,
#4423,Tertiary,
#5111,Primary,Conventional
#5111,Secondary,
#5111,Tertiary,
#5112,Primary,Conventional
#5112,Secondary,
#5112,Tertiary,
#5113,Primary,Conventional
#5113,Secondary,
#5113,Tertiary,
#5121,Primary,Artistic
#5121,Secondary,Investigative
#5121,Tertiary,
#5122,Primary,Artistic
#5122,Secondary,
#5122,Tertiary,
#5123,Primary,Artistic
#5123,Secondary,
#5123,Tertiary,
#5125,Primary,Investigative
#5125,Secondary,Artistic
#5125,Tertiary,Conventional
#5131,Primary,Artistic
#5131,Secondary,
#5131,Tertiary,
#5132,Primary,Artistic
#5132,Secondary,
#5132,Tertiary,
#5133,Primary,Artistic
#5133,Secondary,
#5133,Tertiary,
#5134,Primary,Artistic
#5134,Secondary,Social
#5134,Tertiary,
#5135,Primary,Artistic
#5135,Secondary,Social
#5135,Tertiary,
#5136,Primary,Realistic
#5136,Secondary,Artistic
#5136,Tertiary,
#5211,Primary,Realistic
#5211,Secondary,Artistic
#5211,Tertiary,Conventional
#5212,Primary,Enterprising
#5212,Secondary,Conventional
#5212,Tertiary,
#5221,Primary,Artistic
#5221,Secondary,
#5221,Tertiary,
#5222,Primary,Realistic
#5222,Secondary,
#5222,Tertiary,
#5223,Primary,Realistic
#5223,Secondary,Artistic
#5223,Tertiary,
#5224,Primary,Realistic
#5224,Secondary,
#5224,Tertiary,
#5225,Primary,Realistic
#5225,Secondary,
#5225,Tertiary,
#5226,Primary,Conventional
#5226,Secondary,
#5226,Tertiary,
#5227,Primary,Realistic
#5227,Secondary,Conventional
#5227,Tertiary,
#5231,Primary,Artistic
#5231,Secondary,Enterprising
#5231,Tertiary,Social
#5232,Primary,Artistic
#5232,Secondary,
#5232,Tertiary,
#5241,Primary,Artistic
#5241,Secondary,
#5241,Tertiary,
#5242,Primary,Artistic
#5242,Secondary,
#5242,Tertiary,
#5243,Primary,Artistic
#5243,Secondary,
#5243,Tertiary,
#5244,Primary,Realistic
#5244,Secondary,
#5244,Tertiary,
#5245,Primary,Realistic
#5245,Secondary,
#5245,Tertiary,
#5251,Primary,Realistic
#5251,Secondary,
#5251,Tertiary,
#5252,Primary,Social
#5252,Secondary,Enterprising
#5252,Tertiary,Realistic
#5253,Primary,Social
#5253,Secondary,Enterprising
#5253,Tertiary,Realistic
#5254,Primary,Social
#5254,Secondary,Realistic
#5254,Tertiary,Enterprising
#6211,Primary,Enterprising
#6211,Secondary,
#6211,Tertiary,
#6221,Primary,Enterprising
#6221,Secondary,
#6221,Tertiary,
#6222,Primary,Enterprising
#6222,Secondary,Conventional
#6222,Tertiary,
#6231,Primary,Enterprising
#6231,Secondary,Conventional
#6231,Tertiary,
#6232,Primary,Enterprising
#6232,Secondary,
#6232,Tertiary,
#6235,Primary,Enterprising
#6235,Secondary,Conventional
#6235,Tertiary,
#6311,Primary,Realistic
#6311,Secondary,Conventional
#6311,Tertiary,
#6312,Primary,Enterprising
#6312,Secondary,
#6312,Tertiary,
#6313,Primary,Enterprising
#6313,Secondary,Conventional
#6313,Tertiary,
#6314,Primary,Enterprising
#6314,Secondary,Conventional
#6314,Tertiary,
#6315,Primary,Realistic
#6315,Secondary,
#6315,Tertiary,
#6316,Primary,Realistic
#6316,Secondary,
#6316,Tertiary,
#6321,Primary,Enterprising
#6321,Secondary,
#6321,Tertiary,
#6322,Primary,Realistic
#6322,Secondary,
#6322,Tertiary,
#6331,Primary,Realistic
#6331,Secondary,
#6331,Tertiary,
#6332,Primary,Realistic
#6332,Secondary,
#6332,Tertiary,
#6341,Primary,Enterprising
#6341,Secondary,
#6341,Tertiary,
#6342,Primary,Realistic
#6342,Secondary,
#6342,Tertiary,
#6343,Primary,Realistic
#6343,Secondary,
#6343,Tertiary,
#6344,Primary,Realistic
#6344,Secondary,
#6344,Tertiary,
#6345,Primary,Realistic
#6345,Secondary,
#6345,Tertiary,
#6346,Primary,Enterprising
#6346,Secondary,Social
#6346,Tertiary,Realistic
#6411,Primary,Enterprising
#6411,Secondary,
#6411,Tertiary,
#6421,Primary,Enterprising
#6421,Secondary,
#6421,Tertiary,
#6511,Primary,Social
#6511,Secondary,
#6511,Tertiary,
#6512,Primary,Conventional
#6512,Secondary,Enterprising
#6512,Tertiary,
#6513,Primary,Social
#6513,Secondary,
#6513,Tertiary,
#6521,Primary,Enterprising
#6521,Secondary,Conventional
#6521,Tertiary,
#6522,Primary,Enterprising
#6522,Secondary,Conventional
#6522,Tertiary,
#6523,Primary,Enterprising
#6523,Secondary,Conventional
#6523,Tertiary,
#6524,Primary,Enterprising
#6524,Secondary,Conventional
#6524,Tertiary,
#6525,Primary,Enterprising
#6525,Secondary,Social
#6525,Tertiary,Conventional
#6531,Primary,Enterprising
#6531,Secondary,Social
#6531,Tertiary,
#6532,Primary,Enterprising
#6532,Secondary,Social
#6532,Tertiary,
#6533,Primary,Conventional
#6533,Secondary,Enterprising
#6533,Tertiary,
#6541,Primary,Realistic
#6541,Secondary,Conventional
#6541,Tertiary,Enterprising
#6551,Primary,Conventional
#6551,Secondary,
#6551,Tertiary,
#6552,Primary,Conventional
#6552,Secondary,Enterprising
#6552,Tertiary,
#6561,Primary,Enterprising
#6561,Secondary,Realistic
#6561,Tertiary,Social
#6562,Primary,Conventional
#6562,Secondary,Realistic
#6562,Tertiary,
#6563,Primary,Realistic
#6563,Secondary,
#6563,Tertiary,
#6564,Primary,Enterprising
#6564,Secondary,Social
#6564,Tertiary,
#6611,Primary,Conventional
#6611,Secondary,
#6611,Tertiary,
#6621,Primary,Realistic
#6621,Secondary,Conventional
#6621,Tertiary,
#6622,Primary,Conventional
#6622,Secondary,Realistic
#6622,Tertiary,
#6623,Primary,Enterprising
#6623,Secondary,
#6623,Tertiary,
#6711,Primary,Realistic
#6711,Secondary,
#6711,Tertiary,
#6721,Primary,Realistic
#6721,Secondary,Conventional
#6721,Tertiary,
#6722,Primary,Realistic
#6722,Secondary,
#6722,Tertiary,
#6731,Primary,Realistic
#6731,Secondary,
#6731,Tertiary,
#6732,Primary,Realistic
#6732,Secondary,
#6732,Tertiary,
#6733,Primary,Realistic
#6733,Secondary,
#6733,Tertiary,
#6741,Primary,Realistic
#6741,Secondary,
#6741,Tertiary,
#6742,Primary,Realistic
#6742,Secondary,Enterprising
#6742,Tertiary,Conventional
#7201,Primary,Realistic
#7201,Secondary,
#7201,Tertiary,
#7202,Primary,Realistic
#7202,Secondary,
#7202,Tertiary,
#7203,Primary,Enterprising
#7203,Secondary,
#7203,Tertiary,
#7204,Primary,Realistic
#7204,Secondary,
#7204,Tertiary,
#7205,Primary,Realistic
#7205,Secondary,
#7205,Tertiary,
#7231,Primary,Realistic
#7231,Secondary,
#7231,Tertiary,
#7232,Primary,Realistic
#7232,Secondary,
#7232,Tertiary,
#7233,Primary,Realistic
#7233,Secondary,
#7233,Tertiary,
#7234,Primary,Realistic
#7234,Secondary,
#7234,Tertiary,
#7235,Primary,Realistic
#7235,Secondary,
#7235,Tertiary,
#7236,Primary,Realistic
#7236,Secondary,
#7236,Tertiary,
#7237,Primary,Realistic
#7237,Secondary,
#7237,Tertiary,
#7241,Primary,Realistic
#7241,Secondary,
#7241,Tertiary,
#7242,Primary,Realistic
#7242,Secondary,
#7242,Tertiary,
#7243,Primary,Realistic
#7243,Secondary,
#7243,Tertiary,
#7244,Primary,Realistic
#7244,Secondary,Conventional
#7244,Tertiary,
#7245,Primary,Realistic
#7245,Secondary,
#7245,Tertiary,
#7246,Primary,Realistic
#7246,Secondary,
#7246,Tertiary,
#7247,Primary,Realistic
#7247,Secondary,
#7247,Tertiary,
#7251,Primary,Realistic
#7251,Secondary,
#7251,Tertiary,
#7252,Primary,Realistic
#7252,Secondary,
#7252,Tertiary,
#7253,Primary,Realistic
#7253,Secondary,
#7253,Tertiary,
#7271,Primary,Realistic
#7271,Secondary,
#7271,Tertiary,
#7272,Primary,Realistic
#7272,Secondary,
#7272,Tertiary,
#7281,Primary,Realistic
#7281,Secondary,
#7281,Tertiary,
#7282,Primary,Realistic
#7282,Secondary,
#7282,Tertiary,
#7283,Primary,Realistic
#7283,Secondary,
#7283,Tertiary,
#7284,Primary,Realistic
#7284,Secondary,
#7284,Tertiary,
#7291,Primary,Realistic
#7291,Secondary,
#7291,Tertiary,
#7292,Primary,Realistic
#7292,Secondary,
#7292,Tertiary,
#7293,Primary,Realistic
#7293,Secondary,
#7293,Tertiary,
#7294,Primary,Realistic
#7294,Secondary,
#7294,Tertiary,
#7295,Primary,Realistic
#7295,Secondary,
#7295,Tertiary,
#7301,Primary,Realistic
#7301,Secondary,
#7301,Tertiary,
#7302,Primary,Realistic
#7302,Secondary,
#7302,Tertiary,
#7303,Primary,Realistic
#7303,Secondary,Conventional
#7303,Tertiary,
#7304,Primary,Enterprising
#7304,Secondary,Conventional
#7304,Tertiary,Realistic
#7305,Primary,Conventional
#7305,Secondary,Realistic
#7305,Tertiary,
#7311,Primary,Realistic
#7311,Secondary,
#7311,Tertiary,
#7312,Primary,Realistic
#7312,Secondary,
#7312,Tertiary,
#7313,Primary,Realistic
#7313,Secondary,Enterprising
#7313,Tertiary,
#7314,Primary,Realistic
#7314,Secondary,
#7314,Tertiary,
#7315,Primary,Realistic
#7315,Secondary,Conventional
#7315,Tertiary,
#7316,Primary,Realistic
#7316,Secondary,
#7316,Tertiary,
#7318,Primary,Realistic
#7318,Secondary,
#7318,Tertiary,
#7321,Primary,Realistic
#7321,Secondary,
#7321,Tertiary,
#7322,Primary,Realistic
#7322,Secondary,
#7322,Tertiary,
#7331,Primary,Realistic
#7331,Secondary,Enterprising
#7331,Tertiary,
#7332,Primary,Realistic
#7332,Secondary,
#7332,Tertiary,
#7333,Primary,Realistic
#7333,Secondary,
#7333,Tertiary,
#7334,Primary,Realistic
#7334,Secondary,
#7334,Tertiary,
#7335,Primary,Realistic
#7335,Secondary,
#7335,Tertiary,
#7361,Primary,Realistic
#7361,Secondary,
#7361,Tertiary,
#7362,Primary,Enterprising
#7362,Secondary,Realistic
#7362,Tertiary,Conventional
#7371,Primary,Realistic
#7371,Secondary,
#7371,Tertiary,
#7372,Primary,Realistic
#7372,Secondary,
#7372,Tertiary,
#7373,Primary,Realistic
#7373,Secondary,
#7373,Tertiary,
#7381,Primary,Realistic
#7381,Secondary,
#7381,Tertiary,
#7384,Primary,Realistic
#7384,Secondary,
#7384,Tertiary,
#7441,Primary,Realistic
#7441,Secondary,
#7441,Tertiary,
#7442,Primary,Realistic
#7442,Secondary,
#7442,Tertiary,
#7444,Primary,Realistic
#7444,Secondary,
#7444,Tertiary,
#7445,Primary,Realistic
#7445,Secondary,
#7445,Tertiary,
#7451,Primary,Realistic
#7451,Secondary,
#7451,Tertiary,
#7452,Primary,Realistic
#7452,Secondary,
#7452,Tertiary,
#7511,Primary,Realistic
#7511,Secondary,Conventional
#7511,Tertiary,
#7512,Primary,Realistic
#7512,Secondary,
#7512,Tertiary,
#7513,Primary,Realistic
#7513,Secondary,
#7513,Tertiary,
#7514,Primary,Realistic
#7514,Secondary,
#7514,Tertiary,
#7521,Primary,Realistic
#7521,Secondary,
#7521,Tertiary,
#7522,Primary,Realistic
#7522,Secondary,
#7522,Tertiary,
#7531,Primary,Realistic
#7531,Secondary,
#7531,Tertiary,
#7532,Primary,Realistic
#7532,Secondary,
#7532,Tertiary,
#7533,Primary,Realistic
#7533,Secondary,
#7533,Tertiary,
#7534,Primary,Realistic
#7534,Secondary,
#7534,Tertiary,
#7535,Primary,Realistic
#7535,Secondary,
#7535,Tertiary,
#7611,Primary,Realistic
#7611,Secondary,
#7611,Tertiary,
#7612,Primary,Conventional
#7612,Secondary,Realistic
#7612,Tertiary,Enterprising
#7621,Primary,Realistic
#7621,Secondary,
#7621,Tertiary,
#7622,Primary,Conventional
#7622,Secondary,Realistic
#7622,Tertiary,Enterprising
#8211,Primary,Realistic
#8211,Secondary,
#8211,Tertiary,
#8221,Primary,Enterprising
#8221,Secondary,
#8221,Tertiary,
#8222,Primary,Enterprising
#8222,Secondary,
#8222,Tertiary,
#8231,Primary,Realistic
#8231,Secondary,
#8231,Tertiary,
#8232,Primary,Realistic
#8232,Secondary,
#8232,Tertiary,
#8241,Primary,Realistic
#8241,Secondary,
#8241,Tertiary,
#8252,Primary,Realistic
#8252,Secondary,
#8252,Tertiary,
#8255,Primary,Realistic
#8255,Secondary,
#8255,Tertiary,
#8261,Primary,Realistic
#8261,Secondary,
#8261,Tertiary,
#8262,Primary,Realistic
#8262,Secondary,
#8262,Tertiary,
#8411,Primary,Realistic
#8411,Secondary,
#8411,Tertiary,
#8412,Primary,Realistic
#8412,Secondary,
#8412,Tertiary,
#8421,Primary,Realistic
#8421,Secondary,
#8421,Tertiary,
#8422,Primary,Realistic
#8422,Secondary,
#8422,Tertiary,
#8431,Primary,Realistic
#8431,Secondary,
#8431,Tertiary,
#8432,Primary,Realistic
#8432,Secondary,
#8432,Tertiary,
#8441,Primary,Realistic
#8441,Secondary,
#8441,Tertiary,
#8442,Primary,Realistic
#8442,Secondary,
#8442,Tertiary,
#8611,Primary,Realistic
#8611,Secondary,
#8611,Tertiary,
#8612,Primary,Realistic
#8612,Secondary,
#8612,Tertiary,
#8613,Primary,Realistic
#8613,Secondary,
#8613,Tertiary,
#8614,Primary,Realistic
#8614,Secondary,
#8614,Tertiary,
#8615,Primary,Realistic
#8615,Secondary,
#8615,Tertiary,
#8616,Primary,Realistic
#8616,Secondary,
#8616,Tertiary,
#9211,Primary,Enterprising
#9211,Secondary,
#9211,Tertiary,
#9212,Primary,Enterprising
#9212,Secondary,
#9212,Tertiary,
#9213,Primary,Enterprising
#9213,Secondary,
#9213,Tertiary,
#9214,Primary,Enterprising
#9214,Secondary,
#9214,Tertiary,
#9215,Primary,Enterprising
#9215,Secondary,
#9215,Tertiary,
#9217,Primary,Enterprising
#9217,Secondary,
#9217,Tertiary,
#9221,Primary,Enterprising
#9221,Secondary,
#9221,Tertiary,
#9222,Primary,Enterprising
#9222,Secondary,
#9222,Tertiary,
#9223,Primary,Enterprising
#9223,Secondary,
#9223,Tertiary,
#9224,Primary,Enterprising
#9224,Secondary,
#9224,Tertiary,
#9226,Primary,Enterprising
#9226,Secondary,
#9226,Tertiary,
#9227,Primary,Enterprising
#9227,Secondary,
#9227,Tertiary,
#9231,Primary,Realistic
#9231,Secondary,Investigative
#9231,Tertiary,Conventional
#9232,Primary,Realistic
#9232,Secondary,
#9232,Tertiary,
#9235,Primary,Conventional
#9235,Secondary,Investigative
#9235,Tertiary,Realistic
#9241,Primary,Realistic
#9241,Secondary,
#9241,Tertiary,
#9243,Primary,Realistic
#9243,Secondary,
#9243,Tertiary,
#9411,Primary,Realistic
#9411,Secondary,
#9411,Tertiary,
#9412,Primary,Realistic
#9412,Secondary,
#9412,Tertiary,
#9413,Primary,Realistic
#9413,Secondary,
#9413,Tertiary,
#9414,Primary,Realistic
#9414,Secondary,
#9414,Tertiary,
#9415,Primary,Conventional
#9415,Secondary,Realistic
#9415,Tertiary,
#9416,Primary,Realistic
#9416,Secondary,
#9416,Tertiary,
#9417,Primary,Realistic
#9417,Secondary,
#9417,Tertiary,
#9418,Primary,Realistic
#9418,Secondary,
#9418,Tertiary,
#9421,Primary,Realistic
#9421,Secondary,
#9421,Tertiary,
#9422,Primary,Realistic
#9422,Secondary,
#9422,Tertiary,
#9423,Primary,Realistic
#9423,Secondary,
#9423,Tertiary,
#9431,Primary,Realistic
#9431,Secondary,
#9431,Tertiary,
#9432,Primary,Realistic
#9432,Secondary,
#9432,Tertiary,
#9433,Primary,Realistic
#9433,Secondary,
#9433,Tertiary,
#9434,Primary,Realistic
#9434,Secondary,
#9434,Tertiary,
#9435,Primary,Realistic
#9435,Secondary,
#9435,Tertiary,
#9436,Primary,Conventional
#9436,Secondary,Realistic
#9436,Tertiary,
#9437,Primary,Realistic
#9437,Secondary,
#9437,Tertiary,
#9441,Primary,Realistic
#9441,Secondary,
#9441,Tertiary,
#9442,Primary,Realistic
#9442,Secondary,
#9442,Tertiary,
#9445,Primary,Realistic
#9445,Secondary,
#9445,Tertiary,
#9446,Primary,Realistic
#9446,Secondary,
#9446,Tertiary,
#9447,Primary,Realistic
#9447,Secondary,
#9447,Tertiary,
#9461,Primary,Realistic
#9461,Secondary,
#9461,Tertiary,
#9462,Primary,Realistic
#9462,Secondary,
#9462,Tertiary,
#9463,Primary,Realistic
#9463,Secondary,
#9463,Tertiary,
#9465,Primary,Realistic
#9465,Secondary,
#9465,Tertiary,
#9471,Primary,Realistic
#9471,Secondary,
#9471,Tertiary,
#9472,Primary,Realistic
#9472,Secondary,Conventional
#9472,Tertiary,Artistic
#9473,Primary,Realistic
#9473,Secondary,
#9473,Tertiary,
#9474,Primary,Conventional
#9474,Secondary,
#9474,Tertiary,
#9521,Primary,Realistic
#9521,Secondary,
#9521,Tertiary,
#9522,Primary,Realistic
#9522,Secondary,
#9522,Tertiary,
#9523,Primary,Realistic
#9523,Secondary,
#9523,Tertiary,
#9524,Primary,Realistic
#9524,Secondary,
#9524,Tertiary,
#9525,Primary,Realistic
#9525,Secondary,
#9525,Tertiary,
#9526,Primary,Realistic
#9526,Secondary,
#9526,Tertiary,
#9527,Primary,Realistic
#9527,Secondary,
#9527,Tertiary,
#9531,Primary,Realistic
#9531,Secondary,Conventional
#9531,Tertiary,
#9532,Primary,Realistic
#9532,Secondary,
#9532,Tertiary,
#9533,Primary,Realistic
#9533,Secondary,Conventional
#9533,Tertiary,
#9534,Primary,Realistic
#9534,Secondary,
#9534,Tertiary,
#9535,Primary,Realistic
#9535,Secondary,Conventional
#9535,Tertiary,
#9536,Primary,Realistic
#9536,Secondary,
#9536,Tertiary,
#9537,Primary,Realistic
#9537,Secondary,
#9537,Tertiary,
#9611,Primary,Realistic
#9611,Secondary,
#9611,Tertiary,
#9612,Primary,Realistic
#9612,Secondary,
#9612,Tertiary,
#9613,Primary,Realistic
#9613,Secondary,
#9613,Tertiary,
#9614,Primary,Realistic
#9614,Secondary,
#9614,Tertiary,
#9615,Primary,Realistic
#9615,Secondary,
#9615,Tertiary,
#9616,Primary,Realistic
#9616,Secondary,
#9616,Tertiary,
#9617,Primary,Realistic
#9617,Secondary,
#9617,Tertiary,
#9618,Primary,Realistic
#9618,Secondary,
#9618,Tertiary,
#9619,Primary,Realistic
#9619,Secondary,
#9619,Tertiary,
